time_days,gas_rate_m3_day,cumulative_gas_m3,oil_rate_m3_day,cumulative_oil_m3,field_pressure_bar,water_cut_fraction,water_injection_rate_m3_day,cumulative_injected_water_m3,water_rate_m3_day,cumulative_water_m3
1.0,1531685.625,1531685.625,438.50372314453125,438.50372314453125,271.4521789550781,0.0037272500339895487,1500.0,1500.0,1.6405277252197266,1.6405277252197266
2.0,731844.9375,2263530.5,186.16921997070312,624.6729736328125,271.3544006347656,0.0037338039837777615,1500.0,3000.0,0.6977245211601257,2.338252305984497
3.0,542746.75,2806277.25,123.02578735351562,747.69873046875,271.30670166015625,0.003701132722198963,1500.0,4500.0,0.45702627301216125,2.795278549194336
4.0,455866.59375,3262144.0,97.62845611572266,845.3272094726562,271.2761535644531,0.0036817349027842283,1500.0,6000.0,0.3607703447341919,3.1560487747192383
5.0,405515.90625,3667659.75,84.01677703857422,929.3439331054688,271.25665283203125,0.0036692360881716013,1500.0,7500.0,0.3094126880168915,3.465461492538452
6.0,373088.3125,4040748.25,75.53964233398438,1004.8836059570312,271.24957275390625,0.0036597750149667263,1500.0,9000.0,0.2774735689163208,3.7429351806640625
7.0,350937.03125,4391685.0,69.83606719970703,1074.7197265625,271.2496032714844,0.0036521058063954115,1500.0,10500.0,0.2559835910797119,3.9989187717437744
8.0,335349.3125,4727034.5,65.84549713134766,1140.565185546875,271.2563171386719,0.0036457327660173178,1500.0,12000.0,0.24093347787857056,4.239852428436279
9.0,324164.46875,5051199.0,62.989959716796875,1203.55517578125,271.2674255371094,0.0036404274869710207,1500.0,13500.0,0.23014822602272034,4.470000267028809
10.0,316233.3125,5367432.5,60.947723388671875,1264.5028076171875,271.2818298339844,0.0036359422374516726,1500.0,15000.0,0.22241108119487762,4.692411422729492
13.0,305726.125,6284610.5,58.20817565917969,1439.12744140625,271.3339538574219,0.0036274760495871305,1500.0,19500.0,0.21191748976707458,5.328164100646973
15.0,301995.84375,6888602.5,57.19340133666992,1553.51416015625,271.3716125488281,0.0036229807883501053,1500.0,22500.0,0.20796403288841248,5.744091987609863
20.0,300167.15625,8389438.0,56.64760208129883,1836.752197265625,271.46868896484375,0.003616057336330414,1500.0,30000.0,0.20558437705039978,6.772014141082764
25.0,300809.78125,9893487.0,56.726566314697266,2120.385009765625,271.5657043457031,0.0036104635801166296,1500.0,37500.0,0.20555134117603302,7.799770832061768
30.0,302260.8125,11404791.0,57.04075241088867,2405.5888671875,271.66119384765625,0.0036056912504136562,1500.0,45000.0,0.20641560852527618,8.831849098205566
35.0,303879.53125,12924189.0,57.42525100708008,2692.715087890625,271.7531433105469,0.003601416479796171,1500.0,52500.0,0.2075597494840622,9.869647979736328
40.0,305407.0625,14451224.0,57.812015533447266,2981.775146484375,271.84173583984375,0.0035975032951682806,1500.0,60000.0,0.2087298184633255,10.913296699523926
45.0,306745.625,15984952.0,58.17347717285156,3272.642578125,271.92779541015625,0.0035938918590545654,1500.0,67500.0,0.20982326567173004,11.96241283416748
50.0,307863.21875,17524268.0,58.499267578125,3565.138916015625,272.0128173828125,0.0035905574914067984,1500.0,75000.0,0.2108018845319748,13.016422271728516
55.0,308763.09375,19068084.0,58.787601470947266,3859.076904296875,272.0966796875,0.0035874880850315094,1500.0,82500.0,0.21165914833545685,14.074718475341797
60.0,309469.28125,20615430.0,59.04153060913086,4154.28466796875,272.1806335449219,0.003584677819162607,1500.0,90000.0,0.21240626275539398,15.136749267578125
70.0,310351.0,23718940.0,59.51317596435547,4749.41650390625,272.34576416015625,0.003580475691705942,1500.0,105000.0,0.2138511836528778,17.27526092529297
80.0,310902.96875,26827970.0,59.86411666870117,5348.0576171875,272.5075378417969,0.003576864255592227,1500.0,120000.0,0.21489445865154266,19.424205780029297
100.0,311302.5625,33054022.0,60.53135299682617,6558.6845703125,272.8133544921875,0.0035742162726819515,1500.0,150000.0,0.2171282172203064,23.766769409179688
120.0,310991.375,39273848.0,60.95883560180664,7777.861328125,273.1281433105469,0.0035748817026615143,1500.0,180000.0,0.21870245039463043,28.140819549560547
140.0,310053.84375,45474924.0,61.27674865722656,9003.396484375,273.4740905761719,0.00357951526530087,1500.0,210000.0,0.22012901306152344,32.543399810791016
160.0,308795.59375,51650836.0,61.52988815307617,10233.994140625,273.85211181640625,0.0035876501351594925,1500.0,240000.0,0.22154252231121063,36.97425079345703
180.0,307464.21875,57800120.0,61.762298583984375,11469.240234375,274.2575988769531,0.003598995041102171,1500.0,270000.0,0.22308509051799774,41.435951232910156
200.0,305910.25,63918328.0,61.9639778137207,12708.51953125,274.69573974609375,0.0036136689595878124,1500.0,300000.0,0.22472940385341644,45.930538177490234
220.0,303972.375,69997776.0,62.102413177490234,13950.5673828125,275.19390869140625,0.0036314697936177254,1500.0,330000.0,0.2263449877500534,50.45743942260742
240.0,301990.9375,76037592.0,62.234588623046875,15195.259765625,275.7521667480469,0.0036522571463137865,1500.0,360000.0,0.22812990844249725,55.02003860473633
260.0,299949.0625,82036576.0,62.356056213378906,16442.380859375,276.3735656738281,0.0036759565118700266,1500.0,390000.0,0.23006387054920197,59.621315002441406
280.0,297660.59375,87989784.0,62.424163818359375,17690.86328125,277.07171630859375,0.0037024724297225475,1500.0,420000.0,0.23198264837265015,64.26097106933594
300.0,295168.875,93893160.0,62.45480728149414,18939.9609375,277.8660583496094,0.003731783479452133,1500.0,450000.0,0.23394083976745605,68.93978118896484
320.0,293306.875,99759304.0,62.62468719482422,20192.453125,278.75921630859375,0.003763900836929679,1500.0,480000.0,0.23660366237163544,73.67185974121094
340.0,292662.0625,105612544.0,63.069644927978516,21453.845703125,279.66302490234375,0.0037989323027431965,1500.0,510000.0,0.2405109852552414,78.4820785522461
360.0,292774.25,111468024.0,63.70932388305664,22728.033203125,280.5595703125,0.003837060183286667,1500.0,540000.0,0.2453981190919876,83.3900375366211
380.0,293253.0,117333088.0,64.47157287597656,24017.46484375,281.4413146972656,0.0038783857598900795,1500.0,570000.0,0.2510191798210144,88.4104232788086
400.0,293438.875,123201864.0,65.19585418701172,25321.380859375,282.3204345703125,0.003922747913748026,1500.0,600000.0,0.2567541003227234,93.5455093383789
420.0,294374.53125,129089352.0,66.11985778808594,26643.779296875,283.2204284667969,0.003970645368099213,1500.0,630000.0,0.26358509063720703,98.81720733642578
440.0,295384.78125,134997056.0,67.10829162597656,27985.9453125,284.0973205566406,0.004022323992103338,1500.0,660000.0,0.27102145552635193,104.23764038085938
460.0,295609.75,140909248.0,67.96997833251953,29345.34375,284.9737854003906,0.004077970050275326,1500.0,690000.0,0.2783145010471344,109.80392456054688
466.6000061035156,295412.84375,142858976.0,68.18757629394531,29795.3828125,285.3047180175781,0.004096783697605133,1500.0,699900.0,0.2804988920688629,111.65522003173828
469.239990234375,295307.46875,143638576.0,68.27130126953125,29975.619140625,285.4382629394531,0.004104387015104294,1500.0,703860.0,0.28136664628982544,112.39802551269531
471.586669921875,295211.5,144331344.0,68.34876251220703,30136.009765625,285.55694580078125,0.0041112047620117664,1500.0,707380.0,0.28215575218200684,113.06015014648438
474.87200927734375,295049.59375,145300688.0,68.45330810546875,30360.90234375,285.7226867675781,0.004120859783142805,1500.0,712308.0,0.2832537293434143,113.99073791503906
478.1573181152344,294874.625,146269440.0,68.55459594726562,30586.126953125,285.88818359375,0.004130624234676361,1500.0,717236.0,0.284347802400589,114.92491149902344
480.0,294771.5625,146812608.0,68.60919189453125,30712.55078125,285.9809875488281,0.004136135336011648,1500.0,720000.0,0.28495553135871887,115.44998931884766
483.3168029785156,294591.96875,147789712.0,68.71375274658203,30940.4609375,286.1475524902344,0.00414617033675313,1500.0,724975.1875,0.2860850691795349,116.39888000488281
487.9603271484375,294441.625,149156960.0,68.88363647460938,31260.322265625,286.3858337402344,0.0041604358702898026,1500.0,731940.5,0.28778326511383057,117.7352066040039
491.6751403808594,294357.0625,150250432.0,69.02811431884766,31516.75,286.5776062011719,0.00417199544608593,1500.0,737512.6875,0.28919148445129395,118.80950164794922
496.8758850097656,294265.5,151780832.0,69.24068450927734,31876.853515625,286.8460388183594,0.004188468214124441,1500.0,745313.8125,0.29123222827911377,120.3241195678711
500.0,294205.90625,152699968.0,69.36576843261719,32093.560546875,287.0086364746094,0.004198472946882248,1500.0,750000.0,0.292458176612854,121.23780059814453
504.373779296875,294079.0,153986208.0,69.53750610351562,32397.701171875,287.2347106933594,0.004212694242596626,1500.0,756560.625,0.2941795289516449,122.52446746826172
508.7475280761719,293968.59375,155271952.0,69.71369171142578,32702.61328125,287.4647521972656,0.004227129276841879,1500.0,763121.3125,0.29593974351882935,123.81884002685547
513.121337890625,293832.4375,156557120.0,69.88699340820312,33008.28125,287.6988220214844,0.004241784103214741,1500.0,769681.9375,0.2977083623409271,125.1209487915039
517.4950561523438,293656.40625,157841504.0,70.05387878417969,33314.68359375,287.93316650390625,0.004256662912666798,1500.0,776242.625,0.2994704842567444,126.4307632446289
520.0,293518.0,158576736.0,70.14051818847656,33490.37890625,288.004638671875,0.004265260882675648,1446.0413818359375,779864.8125,0.30044910311698914,127.18336486816406
527.5147705078125,291440.71875,160766848.0,70.02726745605469,34016.6171875,287.6849670410156,0.0042917076498270035,1257.853271484375,789317.3125,0.3018319308757782,129.45155334472656
540.0,280908.625,164274064.0,68.12056732177734,34867.1171875,286.5001525878906,0.00433675292879343,1052.103515625,802453.0625,0.2967088222503662,133.15603637695312
560.0,252610.671875,169326272.0,62.090843200683594,36108.93359375,283.927001953125,0.0044094654731452465,807.3590087890625,818600.25,0.27500003576278687,138.65603637695312
580.0,222082.796875,173767920.0,55.23098373413086,37213.5546875,281.5202331542969,0.004481264855712652,674.74951171875,832095.25,0.24861878156661987,143.62841796875
600.0,194233.34375,177652592.0,48.791141510009766,38189.37890625,279.51025390625,0.004551343619823456,597.189453125,844039.0,0.223080575466156,148.09002685546875
620.0,170734.296875,181067280.0,43.2584114074707,39054.546875,277.7946472167969,0.0046195220202207565,524.8802490234375,854536.625,0.2007605880498886,152.10523986816406
640.0,151127.140625,184089824.0,38.5724983215332,39825.99609375,276.36639404296875,0.004685715306550264,476.60772705078125,864068.8125,0.18159063160419464,155.737060546875
660.0,135265.0625,186795120.0,34.74507522583008,40520.8984375,275.2029113769531,0.004750087391585112,441.8030090332031,872904.875,0.1658298373222351,159.05364990234375
680.0,122556.7109375,189246256.0,31.66175651550293,41154.1328125,274.2835693359375,0.0048127928748726845,418.7030334472656,881278.9375,0.15311841666698456,162.11602783203125
700.0,112186.484375,191489984.0,29.13520050048828,41736.8359375,273.5523376464844,0.004874043632298708,401.04071044921875,889299.75,0.14270177483558655,164.97006225585938
720.0,103725.5234375,193564496.0,27.069284439086914,42278.22265625,272.9684143066406,0.004934024531394243,386.8553161621094,897036.8125,0.13422277569770813,167.65451049804688
740.0,96773.2109375,195499968.0,25.371488571166992,42785.65234375,272.4996032714844,0.0049928948283195496,374.9867248535156,904536.5625,0.1273128241300583,170.20077514648438
760.0,91095.953125,197321888.0,23.988719940185547,43265.42578125,272.1246337890625,0.00505079235881567,364.8310241699219,911833.1875,0.12177710980176926,172.6363067626953
780.0,86437.4375,199050624.0,22.858118057250977,43722.58984375,271.8252868652344,0.005107628181576729,356.07562255859375,918954.6875,0.11735014617443085,174.98330688476562
800.0,82571.0390625,200702048.0,21.927350997924805,44161.13671875,271.5857849121094,0.005163760855793953,348.5418701171875,925925.5625,0.1138153150677681,177.25961303710938
820.0,79293.8125,202287920.0,21.145912170410156,44584.0546875,271.39453125,0.005219281185418367,342.0718078613281,932767.0,0.11094550788402557,179.47853088378906
840.0,76496.4609375,203817856.0,20.485015869140625,44993.75390625,271.2442626953125,0.005274266004562378,336.5499572753906,939497.9375,0.10861629247665405,181.65084838867188
860.0,74161.59375,205301088.0,19.942792892456055,45392.609375,271.1273193359375,0.005328790750354528,331.8684997558594,946135.3125,0.10684030503034592,183.78765869140625
880.0,72146.3984375,206744016.0,19.484071731567383,45782.29296875,271.043212890625,0.00538291921839118,328.3861389160156,952703.0625,0.10544880479574203,185.89663696289062
900.0,70392.8828125,208151872.0,19.09431266784668,46164.17578125,270.9918212890625,0.0054367114789783955,325.98699951171875,959222.8125,0.10437773913145065,187.98419189453125
920.0,68870.984375,209529296.0,18.766529083251953,46539.5078125,270.96820068359375,0.0054902248084545135,324.10968017578125,965705.0,0.10360126197338104,190.05621337890625
940.0,67595.9140625,210881216.0,18.505674362182617,46909.62109375,270.9682922363281,0.005543526262044907,322.65203857421875,972158.0625,0.10315855592489243,192.119384765625
960.0,66519.59375,212211600.0,18.300168991088867,47275.625,270.9888000488281,0.0055966805666685104,321.5257568359375,978588.5625,0.10299663990736008,194.1793212890625
980.0,65600.4453125,213523616.0,18.13974380493164,47638.41796875,271.02899169921875,0.005649751517921686,320.6471862792969,985001.5,0.10306735336780548,196.24066162109375
1000.0,64800.75390625,214819632.0,18.015029907226562,47998.71875,271.0867004394531,0.0057027991861104965,319.91314697265625,991399.75,0.10332534462213516,198.3071746826172
1020.0,64200.91015625,216103648.0,17.948320388793945,48357.6875,271.1596374511719,0.005755907390266657,319.27227783203125,997785.1875,0.10390694439411163,200.38531494140625
1040.0,63720.53125,217378064.0,17.918550491333008,48716.05859375,271.2433166503906,0.005809003487229347,318.7423095703125,1004160.0625,0.1046971008181572,202.47926330566406
1060.0,63309.0078125,218644240.0,17.91248321533203,49074.30859375,271.34063720703125,0.0058622644282877445,318.291015625,1010525.875,0.10562692582607269,204.591796875
1080.0,62923.828125,219902720.0,17.91936492919922,49432.6953125,271.44744873046875,0.005915768910199404,317.8944091796875,1016883.75,0.10663766413927078,206.72454833984375
1100.0,62619.078125,221155088.0,17.954992294311523,49791.79296875,271.5617370605469,0.005969594232738018,317.538818359375,1023234.5625,0.10782770067453384,208.881103515625
1120.0,62351.29296875,222402128.0,18.0086727142334,50151.96875,271.6824951171875,0.00602380745112896,317.1944580078125,1029578.4375,0.10913820564746857,211.06387329101562
1140.0,62075.83984375,223643632.0,18.067726135253906,50513.32421875,271.8099060058594,0.00607847748324275,316.84674072265625,1035915.375,0.1104959100484848,213.27378845214844
1160.0,61899.3359375,224881632.0,18.162466049194336,50876.5703125,271.93939208984375,0.006133635528385639,316.50665283203125,1042245.5,0.11208946257829666,215.5155792236328
1180.0,61763.6796875,226116896.0,18.272926330566406,51242.03125,272.07098388671875,0.006189131643623114,316.1860046386719,1048569.1875,0.1137978583574295,217.79153442382812
1200.0,61617.14453125,227349248.0,18.388952255249023,51609.80859375,272.2059326171875,0.006245333701372147,315.8757629394531,1054886.75,0.11556689441204071,220.10287475585938
1220.0,61467.359375,228578592.0,18.51080894470215,51980.02734375,272.34344482421875,0.006302334368228912,315.5305480957031,1061197.375,0.11740121245384216,222.45089721679688
1240.0,61296.05859375,229804512.0,18.636001586914062,52352.74609375,272.4831237792969,0.006360187660902739,315.0888366699219,1067499.125,0.1192871630191803,224.83663940429688
1260.0,61081.796875,231026144.0,18.76006317138672,52727.9453125,272.62530517578125,0.006418963894248009,314.63397216796875,1073791.75,0.1211981251835823,227.26060485839844
1285.0,60844.875,232547264.0,18.944059371948242,53201.546875,272.8053283691406,0.006494046188890934,314.0577392578125,1081643.25,0.1238277405500412,230.35629272460938
1310.0,60623.17578125,234062848.0,19.153505325317383,53680.38671875,272.987060546875,0.006571035832166672,313.4716491699219,1089480.0,0.12669086456298828,233.5235595703125
1335.0,60419.80078125,235573344.0,19.389175415039062,54165.1171875,273.16961669921875,0.006650218740105629,312.8708801269531,1097301.75,0.12980549037456512,236.76870727539062
1360.0,60293.95703125,237080688.0,19.67032241821289,54656.875,273.3521728515625,0.006731926463544369,312.2806701660156,1105108.875,0.13331663608551025,240.10162353515625
1385.0,60140.328125,238584192.0,19.96378517150879,55155.96875,273.5383605957031,0.006816379260271788,311.67803955078125,1112900.75,0.13701467216014862,243.5269775390625
1410.0,59951.10546875,240082976.0,20.276525497436523,55662.8828125,273.7248229980469,0.006903366651386023,311.0589904785156,1120677.25,0.1409493237733841,247.05072021484375
1435.0,59793.2265625,241577808.0,20.633333206176758,56178.71484375,273.90960693359375,0.006993764080107212,310.4248046875,1128437.875,0.14532101154327393,250.68374633789062
1460.0,59605.7890625,243067952.0,21.004663467407227,56703.83203125,274.0939636230469,0.0070873345248401165,309.7741394042969,1136182.25,0.14992967247962952,254.43199157714844
1485.0,59391.65234375,244552736.0,21.401575088500977,57238.87109375,274.2779846191406,0.007184762042015791,308.9849853515625,1143906.875,0.15487799048423767,258.3039245605469
1510.0,59296.7421875,246035168.0,21.87203025817871,57785.671875,274.4593505859375,0.007287184242159128,308.25787353515625,1151613.25,0.16055549681186676,262.31781005859375
1535.0,59134.7890625,247513536.0,22.36993408203125,58344.91796875,274.63970947265625,0.007395011372864246,307.5600891113281,1159302.25,0.16665835678577423,266.4842834472656
1560.0,58902.828125,248986096.0,22.905778884887695,58917.5625,274.8247985839844,0.007508917711675167,306.8634948730469,1166973.875,0.1732988953590393,270.8167419433594
1585.0,58669.26953125,250452832.0,23.503007888793945,59505.140625,275.0101013183594,0.007629293482750654,306.20477294921875,1174629.0,0.18068987131118774,275.3340148925781
1610.0,58359.98828125,251911840.0,24.134775161743164,60108.5078125,275.1984558105469,0.007755731698125601,305.5610046386719,1182268.0,0.18864591419696808,280.0501403808594
1635.0,57962.984375,253360912.0,24.815814971923828,60728.90234375,275.3931579589844,0.0078888526186347,304.8642883300781,1189889.625,0.1973249763250351,284.9832763671875
1660.0,57556.4765625,254799824.0,25.590951919555664,61368.6796875,275.5935363769531,0.008030244149267673,304.1492004394531,1197493.375,0.2071651816368103,290.16241455078125
1685.0,57098.8203125,256227296.0,26.442569732666016,62029.7421875,275.80108642578125,0.008182935416698456,303.4033508300781,1205078.5,0.21816304326057434,295.6164855957031
1710.0,56594.83984375,257642160.0,27.37500762939453,62714.1171875,276.01708984375,0.008348904550075531,302.6407165527344,1212644.5,0.2304755300283432,301.37835693359375
1735.0,56034.82421875,259043024.0,28.475757598876953,63426.01171875,276.24267578125,0.008527730591595173,301.85833740234375,1220190.875,0.2449222356081009,307.5014343261719
1760.0,55411.421875,260428320.0,29.693204879760742,64168.33984375,276.479736328125,0.008719902485609055,301.0572509765625,1227717.375,0.2611994743347168,314.0314025878906
1785.0,54806.50390625,261798480.0,31.104141235351562,64945.9453125,276.72576904296875,0.008933204226195812,300.2333984375,1235223.125,0.2803642153739929,321.04052734375
1810.0,54160.1640625,263152480.0,32.79177474975586,65765.7421875,276.9803161621094,0.00917267519980669,299.3848876953125,1242707.75,0.3035728633403778,328.62982177734375
1835.0,53517.2890625,264490416.0,34.6778450012207,66632.6875,277.2421569824219,0.009446016512811184,298.5129089355469,1250170.625,0.33069121837615967,336.8971252441406
1860.0,52786.24609375,265810080.0,36.95987319946289,67556.6796875,277.51165771484375,0.009839138947427273,297.6197204589844,1257611.125,0.3672669231891632,346.07879638671875
1885.0,52190.87890625,267114848.0,39.57401657104492,68546.03125,277.780029296875,0.010294846259057522,296.71240234375,1265028.875,0.4116462469100952,356.36993408203125
1910.0,51452.25390625,268401152.0,42.62866973876953,69611.75,278.05096435546875,0.010809251107275486,295.79150390625,1272423.75,0.4658191204071045,368.0154113769531
1935.0,50741.91796875,269669696.0,46.37398147583008,70771.1015625,278.3177795410156,0.011392106302082539,294.8612976074219,1279795.25,0.5343851447105408,381.37506103515625
1960.0,49993.77734375,270919552.0,50.77839660644531,72040.5625,278.5766906738281,0.012038873508572578,293.92236328125,1287143.25,0.6187639236450195,396.8441467285156
1985.0,48993.40625,272144384.0,56.26509475708008,73447.1875,278.8310852050781,0.012707560323178768,292.982421875,1294467.875,0.7241948246955872,414.94903564453125
2010.0,47913.71875,273342208.0,63.077762603759766,75024.1328125,279.0748596191406,0.013391095213592052,292.0556945800781,1301769.25,0.8561450839042664,436.3526611328125
2035.0,46561.2734375,274506240.0,71.442626953125,76810.1953125,279.3088684082031,0.014047081582248211,291.14923095703125,1309048.0,1.0178583860397339,461.7991027832031
2060.0,44922.90625,275629312.0,81.5509033203125,78848.96875,279.5334777832031,0.014611100777983665,290.27508544921875,1316304.875,1.2092164754867554,492.0295104980469
2085.0,42984.80859375,276703936.0,93.44351196289062,81185.0546875,279.7488098144531,0.015163472853600979,289.4349670410156,1323540.75,1.4387444257736206,527.9981079101562
2110.0,41148.70703125,277732672.0,105.71460723876953,83827.921875,279.9483642578125,0.015694931149482727,288.6173095703125,1330756.125,1.685639500617981,570.1390991210938
2135.0,41554.3125,278771520.0,125.95098114013672,86976.6953125,282.8053283691406,0.016382316127419472,575.3671875,1345140.375,2.0977344512939453,622.5824584960938
2160.0,44403.828125,279881632.0,156.683837890625,90893.7890625,286.43475341796875,0.01757710613310337,673.7084350585938,1361983.125,2.8033227920532227,692.66552734375
2185.0,48636.01953125,281097504.0,200.27145385742188,95900.578125,290.87139892578125,0.01954873465001583,789.42041015625,1381718.625,3.9931137561798096,792.493408203125
2210.0,54208.55078125,282452736.0,251.8657684326172,102197.21875,295.8204650878906,0.02237687073647976,871.48193359375,1403505.625,5.764969825744629,936.6176147460938
2235.0,59961.0703125,283951744.0,311.3350524902344,109980.6015625,300.8858947753906,0.02660515531897545,939.87890625,1427002.625,8.509513854980469,1149.35546875
2260.0,65278.66015625,285583712.0,372.5292663574219,119293.828125,305.6363525390625,0.03382665663957596,972.8309326171875,1451323.375,13.042607307434082,1475.420654296875
2285.0,70394.8671875,287343584.0,426.0567321777344,129945.25,310.010009765625,0.04429806023836136,990.97705078125,1476097.75,19.74829864501953,1969.128173828125
2310.0,74210.78125,289198880.0,472.72039794921875,141763.265625,313.89483642578125,0.05976960435509682,1007.9437866210938,1501296.375,30.050411224365234,2720.388427734375
2335.0,76466.9140625,291110528.0,510.70416259765625,154530.859375,317.4215087890625,0.08125575631856918,1020.71240234375,1526814.25,45.16779708862305,3849.583251953125
2360.0,77338.4765625,293044000.0,537.6785888671875,167972.828125,320.38836669921875,0.10925193130970001,1022.4200439453125,1552374.75,65.94729614257812,5498.265625
2385.0,77156.28125,294972896.0,550.9313354492188,181746.109375,322.9326171875,0.14317317306995392,1024.6944580078125,1577992.125,92.05895233154297,7799.73974609375
2410.0,76313.2578125,296880736.0,553.0504760742188,195572.375,325.13677978515625,0.18211700022220612,1028.2105712890625,1603697.375,123.1470718383789,10878.416015625
2435.0,75405.578125,298765888.0,544.8903198242188,209194.625,327.108642578125,0.22369784116744995,1031.7139892578125,1629490.125,157.0146026611328,14803.78125
2460.0,74039.7734375,300616864.0,534.2879638671875,222551.828125,328.9128112792969,0.26572030782699585,1034.706787109375,1655357.875,193.34751892089844,19637.46875
2485.0,72022.3515625,302417440.0,519.7559204101562,235545.71875,330.49993896484375,0.30742156505584717,1037.56640625,1681297.0,230.7091522216797,25405.197265625
2510.0,69703.046875,304160000.0,503.9504699707031,248144.484375,331.9088134765625,0.3475038409233093,1040.22998046875,1707302.75,268.3919677734375,32114.998046875
2535.0,67387.71875,305844704.0,489.0023193359375,260369.546875,333.1607360839844,0.38378435373306274,1042.5677490234375,1733367.0,304.5548095703125,39728.8671875
2560.0,65119.62890625,307472704.0,474.1658935546875,272223.6875,334.2489013671875,0.41670531034469604,1044.8109130859375,1759487.25,338.7437438964844,48197.4609375
2585.0,63164.7890625,309051808.0,461.34783935546875,283757.375,335.2430114746094,0.44486552476882935,1047.13818359375,1785665.625,369.70819091796875,57440.16796875
2610.0,61578.28125,310591264.0,451.0636291503906,295033.96875,336.0946960449219,0.4672093987464905,1049.4976806640625,1811903.125,395.54217529296875,67328.71875
2635.0,60265.203125,312097888.0,442.2804870605469,306091.0,336.8285217285156,0.48561426997184753,1051.985595703125,1838202.75,417.5421447753906,77767.2734375
2660.0,59187.0234375,313577568.0,434.786376953125,316960.65625,337.4623718261719,0.5008925199508667,1054.3583984375,1864561.75,436.34136962890625,88675.8046875
2685.0,58343.8046875,315036160.0,428.7887878417969,327680.375,337.9997253417969,0.5134894847869873,1056.4166259765625,1890972.125,452.56689453125,99989.984375
2710.0,57708.87890625,316478880.0,424.1206970214844,338283.375,338.4376220703125,0.5233816504478455,1057.3192138671875,1917405.125,465.7331848144531,111633.3125
2735.0,57246.61328125,317910048.0,420.60498046875,348798.5,338.7959899902344,0.5310347080230713,1058.5279541015625,1943868.375,476.2737121582031,123540.15625
2760.0,56919.3359375,319333056.0,418.0304870605469,359249.28125,339.0923156738281,0.5369013547897339,1059.87158203125,1970365.125,484.6507873535156,135656.421875
2785.0,56697.9375,320750496.0,416.230712890625,369655.03125,339.3411560058594,0.541313886642456,1061.2862548828125,1996897.25,491.21063232421875,147936.6875
2810.0,56563.9296875,322164576.0,415.105712890625,380032.6875,339.5506896972656,0.544541597366333,1062.700439453125,2023464.75,496.29638671875,160344.09375
2835.0,56498.7421875,323577056.0,414.5397033691406,390396.1875,339.7309875488281,0.5468028783798218,1064.1004638671875,2050067.25,500.16094970703125,172848.125
2860.0,56487.03125,324989216.0,414.4333801269531,400757.0,339.88836669921875,0.5482466816902161,1065.413818359375,2076702.625,502.95526123046875,185422.0
2885.0,56513.9375,326402080.0,414.679931640625,411124.0,340.02783203125,0.5490294098854065,1066.5623779296875,2103366.75,504.8477783203125,198043.203125
2910.0,56576.46484375,327816480.0,415.2592468261719,421505.5,340.1534118652344,0.5492682456970215,1067.6390380859375,2130057.75,506.0408935546875,210694.21875
2935.0,56665.984375,329233152.0,416.104248046875,431908.09375,340.2685852050781,0.5490535497665405,1068.6356201171875,2156773.5,506.631103515625,223360.0
2960.0,56781.30078125,330652672.0,417.2056579589844,442338.25,340.3743896484375,0.5484803915023804,1069.591064453125,2183513.25,506.7977600097656,236029.9375
3010.0,57068.53515625,333506112.0,420.0538330078125,463340.9375,340.5614013671875,0.5462761521339417,1071.0826416015625,2237067.5,505.7380676269531,261316.84375
3060.0,57400.53515625,336376128.0,423.4375915527344,484512.8125,340.76904296875,0.5432816743850708,1072.2218017578125,2290678.5,503.6930847167969,286501.5
3160.0,58052.25390625,342181344.0,430.70721435546875,527583.5625,341.16302490234375,0.5356432795524597,1073.6409912109375,2398042.75,496.82806396484375,336184.3125
3260.0,58670.25390625,348048384.0,438.06463623046875,571390.0,341.61376953125,0.5275082588195801,1074.9954833984375,2505542.25,489.0724792480469,385091.5625
3360.0,59108.27734375,353959200.0,444.2292785644531,615812.9375,342.108154296875,0.5199995636940002,1074.12548828125,2612954.75,481.24755859375,433216.3125
3460.0,59255.15625,359884736.0,448.1397705078125,660626.875,342.6764831542969,0.5141593217849731,1071.492431640625,2720104.0,474.2608642578125,480642.40625
3560.0,59004.05859375,365785120.0,448.8324279785156,705510.125,343.365966796875,0.5111427903175354,1067.05419921875,2826809.5,469.2934265136719,527571.75
3600.0,58831.3671875,368138368.0,448.50457763671875,723450.3125,343.6548767089844,0.5104632377624512,1064.676513671875,2869396.5,467.6770324707031,546278.8125
3660.0,58397.3203125,371642208.0,446.50299072265625,750240.5,344.1260681152344,0.5108097195625305,1060.495361328125,2933026.25,466.2358703613281,574253.0
3760.0,57344.07421875,377376640.0,440.1041259765625,794250.9375,345.0171813964844,0.5147809982299805,1052.861083984375,3038312.25,466.9175109863281,620944.75
3860.0,56134.26171875,382990048.0,432.039306640625,837454.875,345.9336242675781,0.5217032432556152,1045.78466796875,3142890.75,471.2478332519531,668069.5
3960.0,54724.5,388462496.0,422.06524658203125,879661.375,346.88421630859375,0.5317137241363525,1040.1802978515625,3246908.75,479.23223876953125,715992.75
4060.0,53074.5625,393769952.0,409.96014404296875,920657.375,347.84869384765625,0.5448315739631653,1035.2003173828125,3350428.75,490.7178039550781,765064.5
4160.0,51153.6484375,398885312.0,395.5577697753906,960213.1875,348.8363342285156,0.5609647035598755,1030.7349853515625,3453502.25,505.41259765625,815605.75
4260.0,48940.33203125,403779360.0,378.75836181640625,998089.0,349.8631896972656,0.5800092816352844,1026.4501953125,3556147.25,523.0672607421875,867912.5
4360.0,46458.56640625,408425216.0,359.80206298828125,1034069.1875,350.9194641113281,0.6018467545509338,1022.5128784179688,3658398.75,543.8753051757812,922300.0625
4460.0,43670.88671875,412792288.0,338.4308776855469,1067912.25,351.9963684082031,0.6265313625335693,1018.4991455078125,3760248.5,567.751953125,979075.25
4560.0,40737.6015625,416866048.0,315.9613342285156,1099508.375,353.06396484375,0.6525830030441284,1014.61474609375,3861710.0,593.4971313476562,1038424.9375
4660.0,37601.4296875,420626208.0,291.8717346191406,1128695.625,354.0882873535156,0.6806524991989136,1011.2037353515625,3962830.5,622.0910034179688,1100634.0
4760.0,34250.09375,424051232.0,266.1238708496094,1155308.0,355.0698547363281,0.7103170156478882,1007.6719360351562,4063597.5,652.5488891601562,1165888.875
4860.0,30816.455078125,427132864.0,239.70953369140625,1179279.0,356.0008544921875,0.7405229210853577,1004.3783569335938,4164035.5,684.108154296875,1234299.75
4960.0,27775.255859375,429910400.0,216.29833984375,1200908.75,356.7767333984375,0.7675822377204895,1002.4485473632812,4264280.5,714.3462524414062,1305734.375
5060.0,24939.7265625,432404352.0,194.3829345703125,1220347.125,357.4092712402344,0.792789876461029,1001.84033203125,4364464.5,743.7128295898438,1380105.625
5160.0,22405.56640625,434644928.0,174.75686645507812,1237822.75,357.9172058105469,0.8152011036872864,1002.3108520507812,4464695.5,770.90283203125,1457195.875
5260.0,20362.482421875,436681152.0,158.86610412597656,1253709.375,358.2926330566406,0.8333707451820374,1003.9824829101562,4565093.5,794.54443359375,1536650.375
5360.0,18695.1171875,438550688.0,145.86141967773438,1268295.5,358.59161376953125,0.848124086856842,1006.378173828125,4665731.5,814.537109375,1618104.125
5460.0,17211.79296875,440271872.0,134.31361389160156,1281726.875,358.8308410644531,0.8611152768135071,1009.126953125,4766644.0,832.7732543945312,1701381.375
5560.0,15962.7041015625,441868128.0,124.60037994384766,1294186.875,359.02178955078125,0.8719971179962158,1012.1591796875,4867860.0,848.8179931640625,1786263.25
5660.0,14964.494140625,443364576.0,116.82714080810547,1305869.625,359.1610412597656,0.8807339072227478,1015.505126953125,4969410.5,862.7230224609375,1872535.5
5760.0,14178.7841796875,444782464.0,110.68861389160156,1316938.5,359.2669677734375,0.887660801410675,1019.1397705078125,5071324.5,874.6184692382812,1959997.375
5860.0,13509.9794921875,446133440.0,105.47013092041016,1327485.5,359.36376953125,0.8935238718986511,1022.8018798828125,5173605.0,885.0816040039062,2048505.5
5960.0,12928.4111328125,447426304.0,100.94093322753906,1337579.625,359.4559326171875,0.8985975980758667,1026.3563232421875,5276240.5,894.5082397460938,2137956.25
6060.0,12450.0400390625,448671296.0,97.21351623535156,1347301.0,359.5393371582031,0.9028056263923645,1029.9288330078125,5379233.5,902.9835205078125,2228254.75
6160.0,12035.2001953125,449874816.0,93.97692108154297,1356698.625,359.6126708984375,0.9064754247665405,1033.5247802734375,5482586.0,910.85986328125,2319340.75
6260.0,11661.7578125,451040992.0,91.07157897949219,1365805.75,359.6813049316406,0.9097638726234436,1037.0567626953125,5586291.5,918.1868286132812,2411159.25
6360.0,11328.84375,452173888.0,88.48552703857422,1374654.375,359.7449645996094,0.9126887321472168,1040.442626953125,5690335.5,924.9636840820312,2503655.75
6460.0,11035.482421875,453277440.0,86.21053314208984,1383275.375,359.8099670410156,0.915276825428009,1043.90087890625,5794726.0,931.3447875976562,2596790.25
6560.0,10775.4482421875,454354976.0,84.19606018066406,1391695.0,359.8738098144531,0.9175848960876465,1047.352294921875,5899461.0,937.4135131835938,2690531.5
6660.0,10540.3056640625,455408992.0,82.37416076660156,1399932.375,359.9386901855469,0.9196782112121582,1050.7685546875,6004538.0,943.177490234375,2784849.25
6760.0,10323.6650390625,456441376.0,80.69575500488281,1408002.0,360.0045471191406,0.9216082692146301,1054.1212158203125,6109950.0,948.695556640625,2879718.75
6860.0,10122.2177734375,457453600.0,79.1364974975586,1415915.625,360.07159423828125,0.9234012365341187,1057.40673828125,6215690.5,953.9940795898438,2975118.25
6960.0,9933.3544921875,458446912.0,77.67644500732422,1423683.25,360.14129638671875,0.9250820875167847,1060.6925048828125,6321760.0,959.1445922851562,3071032.75
7060.0,9753.125,459422240.0,76.2831802368164,1431311.625,360.2131652832031,0.9266819357872009,1063.918701171875,6428152.0,964.1589965820312,3167448.5
7160.0,9579.2919921875,460380160.0,74.93891906738281,1438805.5,360.2856750488281,0.9282188415527344,1067.0706787109375,6534859.0,969.0524291992188,3264353.75
7260.0,9410.533203125,461321216.0,73.63323211669922,1446168.875,360.3578186035156,0.9297032952308655,1070.1436767578125,6641873.0,973.8304443359375,3361737.0
7360.0,9246.1640625,462245824.0,72.361083984375,1453405.0,360.4305419921875,0.9311421513557434,1073.1798095703125,6749191.0,978.5154418945312,3459588.5
7460.0,9085.619140625,463154400.0,71.11793518066406,1460516.75,360.5037536621094,0.9325402975082397,1076.162353515625,6856807.5,983.1109619140625,3557899.5
7560.0,8935.177734375,464047904.0,69.95050048828125,1467511.75,360.575927734375,0.933857798576355,1079.144775390625,6964722.0,987.626708984375,3656662.25
7660.0,8793.294921875,464927232.0,68.84740447998047,1474396.5,360.6446228027344,0.935106635093689,1082.1278076171875,7072934.5,992.083740234375,3755870.5
7760.0,8654.857421875,465792736.0,67.77056884765625,1481173.625,360.7101135253906,0.9363215565681458,1085.0987548828125,7181444.5,996.4920654296875,3855519.75
7860.0,8518.9775390625,466644640.0,66.71470642089844,1487845.0,360.7753601074219,0.9375060200691223,1088.0533447265625,7290250.0,1000.8229370117188,3955602.0
7960.0,8385.396484375,467483168.0,65.67727661132812,1494412.75,360.84063720703125,0.9386633634567261,1090.9708251953125,7399347.0,1005.09033203125,4056111.25
8060.0,8253.865234375,468308544.0,64.65594482421875,1500878.375,360.9052734375,0.9397973418235779,1093.859619140625,7508733.0,1009.31591796875,4157042.75
8160.0,8123.95947265625,469120960.0,63.646793365478516,1507243.0,360.96954345703125,0.9409112930297852,1096.718994140625,7618405.0,1013.4932250976562,4258392.0
8260.0,7995.39013671875,469920480.0,62.64747619628906,1513507.75,361.0333251953125,0.9420076608657837,1099.545166015625,7728359.5,1017.6243896484375,4360154.5
8360.0,7869.19091796875,470707424.0,61.66653060913086,1519674.5,361.09442138671875,0.9430806636810303,1102.3533935546875,7838594.5,1021.7352905273438,4462328.0
8460.0,7748.3115234375,471482240.0,60.72694778442383,1525747.125,361.1523132324219,0.9441094398498535,1105.16845703125,7949111.5,1025.8057861328125,4564908.5
8560.0,7631.96240234375,472245440.0,59.82185745239258,1531729.375,361.2081604003906,0.9450986385345459,1107.9693603515625,8059908.5,1029.8026123046875,4667889.0
8660.0,7518.78759765625,472997312.0,58.9411735534668,1537623.5,361.2621765136719,0.9460590481758118,1110.760986328125,8170984.5,1033.75732421875,4771264.5
8760.0,7408.03271484375,473738112.0,58.07955551147461,1543431.375,361.314453125,0.9469977021217346,1113.5784912109375,8282342.5,1037.7132568359375,4875036.0
8860.0,7306.6923828125,474468800.0,57.293724060058594,1549160.75,361.36907958984375,0.9478618502616882,1116.4554443359375,8393988.0,1041.5894775390625,4979195.0
8960.0,7207.44970703125,475189536.0,56.52016067504883,1554812.75,361.4149169921875,0.948705792427063,1119.127685546875,8505901.0,1045.3619384765625,5083731.0
9060.0,7105.4931640625,475900096.0,55.72385025024414,1560385.125,361.461669921875,0.9495658874511719,1121.9022216796875,8618091.0,1049.159912109375,5188647.0
9160.0,7003.96875,476600480.0,54.93178176879883,1565878.375,361.5069274902344,0.9504171013832092,1124.64501953125,8730555.0,1052.9451904296875,5293941.5
9260.0,6903.95947265625,477290880.0,54.15157699584961,1571293.5,361.5507507324219,0.9512515664100647,1127.35791015625,8843291.0,1056.6851806640625,5399610.0
9360.0,6806.93115234375,477971584.0,53.39366912841797,1576632.875,361.5932312011719,0.9520599842071533,1130.04150390625,8956295.0,1060.365966796875,5505646.5
9460.0,6714.28466796875,478643008.0,52.6683464050293,1581899.75,361.6332092285156,0.9528343677520752,1132.706787109375,9069566.0,1063.9991455078125,5612046.5
9560.0,6624.96728515625,479305504.0,51.971282958984375,1587096.875,361.6712951660156,0.953578770160675,1135.373046875,9183103.0,1067.5875244140625,5718805.5
9660.0,6538.1943359375,479959328.0,51.29447555541992,1592226.25,361.7082214355469,0.9542997479438782,1138.01025390625,9296904.0,1071.1160888671875,5825917.0
9760.0,6453.607421875,480604672.0,50.635047912597656,1597289.75,361.7442626953125,0.9550002813339233,1140.624755859375,9410967.0,1074.595703125,5933376.5
9860.0,6371.00634765625,481241760.0,49.991355895996094,1602288.875,361.779541015625,0.9556822180747986,1143.214111328125,9525288.0,1078.028564453125,6041179.5
9960.0,6290.27490234375,481870816.0,49.36260986328125,1607225.25,361.8149108886719,0.956346869468689,1145.798828125,9639868.0,1081.4296875,6149322.5
10060.0,6211.2451171875,482491936.0,48.74728775024414,1612099.875,361.8500671386719,0.9569954872131348,1148.359619140625,9754704.0,1084.7911376953125,6257801.5
10160.0,6133.9501953125,483105312.0,48.14592742919922,1616914.5,361.8850402832031,0.9576276540756226,1150.8983154296875,9869794.0,1088.113037109375,6366613.0
10260.0,6058.14013671875,483711136.0,47.55619812011719,1621670.125,361.9197998046875,0.9582455158233643,1153.40576171875,9985135.0,1091.3912353515625,6475752.0
10360.0,5984.01025390625,484309536.0,46.97954559326172,1626368.125,361.95379638671875,0.9588481187820435,1155.8973388671875,10100724.0,1094.6337890625,6585215.5
10460.0,5911.78466796875,484900704.0,46.417625427246094,1631009.875,361.9877014160156,0.959434449672699,1158.3704833984375,10216561.0,1097.84375,6694999.5
10560.0,5841.42529296875,485484864.0,45.869789123535156,1635596.875,362.0210876464844,0.9600043892860413,1160.81005859375,10332642.0,1101.0,6805099.5
10660.0,5772.875,486062144.0,45.33596420288086,1640130.375,362.0538635253906,0.9605588912963867,1163.234130859375,10448966.0,1104.123291015625,6915512.0
10760.0,5705.8876953125,486632736.0,44.814064025878906,1644611.875,362.085693359375,0.9610995650291443,1165.6256103515625,10565528.0,1107.2054443359375,7026232.5
10860.0,5640.1845703125,487196768.0,44.301856994628906,1649042.0,362.116455078125,0.9616281986236572,1167.9857177734375,10682327.0,1110.240478515625,7137256.5
10960.0,5575.51220703125,487754304.0,43.79741668701172,1653421.75,362.1461486816406,0.962146520614624,1170.30419921875,10799357.0,1113.2275390625,7248579.5
